USE h18equipe1;

/*<TYPECHAM>*/ 
INSERT INTO TYPECHAM (CodTypCham, DescTyp, NbDispo)
VALUES ('1J', '1 LIT JUMEAU', 2);
INSERT INTO TYPECHAM (CodTypCham, DescTyp, NbDispo)
VALUES ('2J', '2 LIT JUMEAU', 1);
INSERT INTO TYPECHAM (CodTypCham, DescTyp, NbDispo)
VALUES ('1D', '1 LIT DOUBLE', 1);
INSERT INTO TYPECHAM (CodTypCham, DescTyp, NbDispo)
VALUES ('2D', '2 LIT DOUBLES', 2);
INSERT INTO TYPECHAM (CodTypCham, DescTyp, NbDispo)
VALUES ('LQ', 'LIT QUEEN', 1);
INSERT INTO TYPECHAM (CodTypCham, DescTyp, NbDispo)
VALUES ('LK', 'LIT KING', 1);
INSERT INTO TYPECHAM (CodTypCham, DescTyp, NbDispo)
VALUES ('ST', 'SUITE', 1);
INSERT INTO TYPECHAM (CodTypCham, DescTyp, NbDispo)
VALUES ('SR', 'SALLE RÉCEPTION', 2);
/*</TYPECHAM>*/

/*<LOCALISATION>*/
INSERT INTO LOCALISATION (CodLoc, DescLoc) 
VALUES ('AR', 'ARRIERE');
INSERT INTO LOCALISATION (CodLoc, DescLoc) 
VALUES ('AS', 'PRES DE L ASCENSEUR');
INSERT INTO LOCALISATION (CodLoc, DescLoc) 
VALUES ('AV', 'AVANT');
INSERT INTO LOCALISATION (CodLoc, DescLoc) 
VALUES ('VM', 'VUE SUR LA MER');
INSERT INTO LOCALISATION (CodLoc, DescLoc) 
VALUES ('SM', 'PRES DE LA SALLE A MANGER');
/*</LOCALISATION **/

/*<COMMODITE>*/
INSERT INTO COMMODITE (CodCom, DescCom) 
VALUES ('AS', 'STANDARDS');
INSERT INTO COMMODITE (CodCom, DescCom) 
VALUES ('BA', 'AVEC BALCON');
INSERT INTO COMMODITE (CodCom, DescCom) 
VALUES ('BT', 'AVEC BAIN TOURBILLON');
INSERT INTO COMMODITE (CodCom, DescCom) 
VALUES ('CC', 'CHAMBRE COMMUNICANTE');
INSERT INTO COMMODITE (CodCom, DescCom) 
VALUES ('IN', 'INTERNET');
INSERT INTO COMMODITE (CodCom, DescCom) 
VALUES ('MB', 'MINI BAR');
INSERT INTO COMMODITE (CodCom, DescCom) 
VALUES ('HP', 'HANDICAPE');
INSERT INTO COMMODITE (CodCom, DescCom) 
VALUES ('NF', 'NON FUMEUR');
/*</COMMODITE>*/

/*<CLIENT>*/
INSERT INTO CLIENT (Nom,Adresse,Telephone,NoCarte,TypeCarte,DatExp,SoldeDu) 
VALUES/*1*/('Guy Tare','818 Rue Jean-Chretien','8195394567','450067891234786','MASTERCARD','20201123',1350);
INSERT INTO CLIENT (Nom,Adresse,Telephone,NoCarte,TypeCarte,DatExp,SoldeDu) 
VALUES/*2*/('Helene Beaupre','12 Boulevard Marie','8194490745','8900765835294027','MASTERCARD','20220102',213);
INSERT INTO CLIENT (Nom,Adresse,Telephone,NoCarte,TypeCarte,DatExp,SoldeDu) 
VALUES/*3*/('Maxime Lavoie','900 Rang 4','8198574367','3456903294626469','AMERICANEXPRESS','20250725',2457);
INSERT INTO CLIENT (Nom,Adresse,Telephone,NoCarte,TypeCarte,DatExp,SoldeDu) 
VALUES/*4*/('Claude Perche','34 Avenue Des Cures','8192215630','6987345621935428','VISA','20190117',90);
INSERT INTO CLIENT (Nom,Adresse,Telephone,NoCarte,TypeCarte,DatExp,SoldeDu) 
VALUES/*5*/('Christophe Roche','5607 Rue Ouest','8194907321','7812336522145658','VISA','20231226',876);
INSERT INTO CLIENT (Nom,Adresse,Telephone,NoCarte,TypeCarte,DatExp,SoldeDu) 
VALUES/*6*/('Laurie Poisson','990 Carrefour Jalon','8190437920','3561426562148523','MASTERCARD','20181123',520);
INSERT INTO CLIENT (Nom,Adresse,Telephone,NoCarte,TypeCarte,DatExp,SoldeDu) 
VALUES/*7*/('Karl Coral','3462 Port-au-prince','8198430245','5425564525425651','VISA','20210218',164);
INSERT INTO CLIENT (Nom,Adresse,Telephone,NoCarte,TypeCarte,DatExp,SoldeDu) 
VALUES/*8*/('Jane Stephans','49 Main Street','8198558701','6521331456255682','AMERICANEXPRESS','20220509',391);
INSERT INTO CLIENT (Nom,Adresse,Telephone,NoCarte,TypeCarte,DatExp,SoldeDu) 
VALUES/*9*/('Luc Gionno','123 Boulevard des Hetres','8190914833','2215666647235698','MASTERCARD','20241031',765);
INSERT INTO CLIENT (Nom,Adresse,Telephone,NoCarte,TypeCarte,DatExp,SoldeDu) 
VALUES/*10*/('Valerie Bontemps','77 Rue des Ecoliers','8199433554','5621146655522333','VISA','20190912',3700);
/*</CLIENT>*/

/*<TYPETRX>*/
INSERT INTO TYPETRX (CodTypTrx,DescTrx,Nature) 
VALUES ('01','PRIX DE LA CHAMBRE','DB');
INSERT INTO TYPETRX (CodTypTrx,DescTrx,Nature) 
VALUES ('02','LIT ADDITIONNEL','DB');
INSERT INTO TYPETRX (CodTypTrx,DescTrx,Nature) 
VALUES ('10','TELEPHONE INTERURBAIN','DB');
INSERT INTO TYPETRX (CodTypTrx,DescTrx,Nature) 
VALUES ('21','PHOTOCOPIE','DB');
INSERT INTO TYPETRX (CodTypTrx,DescTrx,Nature) 
VALUES ('22','INTERNET','DB');
INSERT INTO TYPETRX (CodTypTrx,DescTrx,Nature) 
VALUES ('30','RESTAURANT','DB');
INSERT INTO TYPETRX (CodTypTrx,DescTrx,Nature) 
VALUES ('31','BAR TERRASSE','DB');
INSERT INTO TYPETRX (CodTypTrx,DescTrx,Nature) 
VALUES ('50','DEPOT ARGENT','CR');
INSERT INTO TYPETRX (CodTypTrx,DescTrx,Nature) 
VALUES ('60','PAIEMENT','CR');
/*</TYPETRX>*/

/*<CHAMBRE>*/
INSERT INTO CHAMBRE (NoCham, Etage, Prix, Etat, Memo, CodLoc, CodType)  
VALUES ('102', '1', 90.99, 1, NULL, 'AR', '1J'); 
INSERT INTO CHAMBRE (NoCham, Etage, Prix, Etat, Memo, CodLoc, CodType)  
VALUES ('202', '2', 99.99, 1, NULL, 'AR', '1J'); 
INSERT INTO CHAMBRE (NoCham, Etage, Prix, Etat, Memo, CodLoc, CodType)  
VALUES ('104', '1', 95.99, 1, NULL, 'AV', '2J'); 
INSERT INTO CHAMBRE (NoCham, Etage, Prix, Etat, Memo, CodLoc, CodType)  
VALUES ('201', '2', 100.99, 0, 'toilette non fonctionnel', 'AV', '2J'); 
INSERT INTO CHAMBRE (NoCham, Etage, Prix, Etat, Memo, CodLoc, CodType)  
VALUES ('101', '1', 110.99, 1, NULL, 'AS', '1D'); 
INSERT INTO CHAMBRE (NoCham, Etage, Prix, Etat, Memo, CodLoc, CodType)  
VALUES ('207', '2', 110.99, 0, 'tapis tacher', 'AS', '1D'); 
INSERT INTO CHAMBRE (NoCham, Etage, Prix, Etat, Memo, CodLoc, CodType)  
VALUES ('105', '1', 120.99, 1, NULL, 'SM', '2D'); 
INSERT INTO CHAMBRE (NoCham, Etage, Prix, Etat, Memo, CodLoc, CodType)  
VALUES ('203', '2', 120.99, 1, NULL, 'VM', '2D'); 
INSERT INTO CHAMBRE (NoCham, Etage, Prix, Etat, Memo, CodLoc, CodType)  
VALUES ('308', '3', 125.99, 1, NULL, 'AS', 'LQ'); 
INSERT INTO CHAMBRE (NoCham, Etage, Prix, Etat, Memo, CodLoc, CodType)  
VALUES ('310', '3', 130.99, 1, NULL, 'VM', 'LK'); 
INSERT INTO CHAMBRE (NoCham, Etage, Prix, Etat, Memo, CodLoc, CodType)  
VALUES ('401', '4', 160.99, 1, NULL, 'VM', 'ST'); 
INSERT INTO CHAMBRE (NoCham, Etage, Prix, Etat, Memo, CodLoc, CodType)  
VALUES ('402', '4', 100.99, 1, NULL, 'AR', 'SR'); 
INSERT INTO CHAMBRE (NoCham, Etage, Prix, Etat, Memo, CodLoc, CodType)  
VALUES ('403', '4', 100.99, 1, NULL, 'AS', 'SR');
/*</CHAMBRE>*/

/*<AYANT>*/
INSERT INTO AYANT (NoCham, CodCom) VALUES ('101', 'AS');
INSERT INTO AYANT (NoCham, CodCom) VALUES ('101', 'IN');
INSERT INTO AYANT (NoCham, CodCom) VALUES ('102', 'AS');
INSERT INTO AYANT (NoCham, CodCom) VALUES ('104', 'HP');
INSERT INTO AYANT (NoCham, CodCom) VALUES ('104', 'IN');
INSERT INTO AYANT (NoCham, CodCom) VALUES ('105', 'AS');
INSERT INTO AYANT (NoCham, CodCom) VALUES ('105', 'IN');
INSERT INTO AYANT (NoCham, CodCom) VALUES ('105', 'NF');
INSERT INTO AYANT (NoCham, CodCom) VALUES ('201', 'HP');
INSERT INTO AYANT (NoCham, CodCom) VALUES ('201', 'NF');
INSERT INTO AYANT (NoCham, CodCom) VALUES ('201', 'IN');
INSERT INTO AYANT (NoCham, CodCom) VALUES ('202', 'AS');
INSERT INTO AYANT (NoCham, CodCom) VALUES ('203', 'AS');
INSERT INTO AYANT (NoCham, CodCom) VALUES ('203', 'IN');
INSERT INTO AYANT (NoCham, CodCom) VALUES ('207', 'AS');
INSERT INTO AYANT (NoCham, CodCom) VALUES ('207', 'IN');
INSERT INTO AYANT (NoCham, CodCom) VALUES ('207', 'NF');
INSERT INTO AYANT (NoCham, CodCom) VALUES ('308', 'AS');
INSERT INTO AYANT (NoCham, CodCom) VALUES ('308', 'IN');
INSERT INTO AYANT (NoCham, CodCom) VALUES ('308', 'BA');
INSERT INTO AYANT (NoCham, CodCom) VALUES ('310', 'AS');
INSERT INTO AYANT (NoCham, CodCom) VALUES ('310', 'IN');
INSERT INTO AYANT (NoCham, CodCom) VALUES ('310', 'NF');
INSERT INTO AYANT (NoCham, CodCom) VALUES ('310', 'BA');
INSERT INTO AYANT (NoCham, CodCom) VALUES ('401', 'IN');
INSERT INTO AYANT (NoCham, CodCom) VALUES ('401', 'BA');
INSERT INTO AYANT (NoCham, CodCom) VALUES ('401', 'BT');
INSERT INTO AYANT (NoCham, CodCom) VALUES ('401', 'MB');
INSERT INTO AYANT (NoCham, CodCom) VALUES ('402', 'AS');
INSERT INTO AYANT (NoCham, CodCom) VALUES ('402', 'IN');
INSERT INTO AYANT (NoCham, CodCom) VALUES ('403', 'AS');
INSERT INTO AYANT (NoCham, CodCom) VALUES ('403', 'IN');
INSERT INTO AYANT (NoCham, CodCom) VALUES ('403', 'NF');
/*</AYANT>*/

/*<RESERVATION>*/
INSERT INTO RESERVATION (IdCli, DateReser, DateDebut, DateFin)
VALUES (1, CURRENT_TIMESTAMP, DATEADD(day, 2, CURRENT_TIMESTAMP), DATEADD(day, 5, CURRENT_TIMESTAMP));
INSERT INTO RESERVATION (IdCli, DateReser, DateDebut, DateFin)
VALUES (2, CURRENT_TIMESTAMP, DATEADD(day, 3, CURRENT_TIMESTAMP), DATEADD(day, 7, CURRENT_TIMESTAMP));
INSERT INTO RESERVATION (IdCli, DateReser, DateDebut, DateFin)
VALUES (3, DATEADD(day, -6, CURRENT_TIMESTAMP), DATEADD(day, -3, CURRENT_TIMESTAMP), DATEADD(day, 1, CURRENT_TIMESTAMP));
INSERT INTO RESERVATION (IdCli, DateReser, DateDebut, DateFin)
VALUES (4, DATEADD(day, -8, CURRENT_TIMESTAMP), DATEADD(day, -2, CURRENT_TIMESTAMP), CURRENT_TIMESTAMP);
INSERT INTO RESERVATION (IdCli, DateReser, DateDebut, DateFin)
VALUES (5, DATEADD(day, -10, CURRENT_TIMESTAMP), DATEADD(day, -3, CURRENT_TIMESTAMP), DATEADD(day, -1, CURRENT_TIMESTAMP));
/*</RESERVATION>*/

/*<DE>*/
INSERT INTO DE VALUES (0, 1, '001');
INSERT INTO DE VALUES (0, 2, '002');
INSERT INTO DE VALUES (1, 3, '003');
INSERT INTO DE VALUES (1, 4, '004');
INSERT INTO DE VALUES (0, 5, '005');
/*</DE>*/

/*<DEPART>*/
INSERT INTO DEPART (DateDepart, ConfirmerPar, IdReser, NoCham, IdCli)
VALUES (DATEADD(day, -1, CURRENT_TIMESTAMP), 'O.L.P.', 5, '001', 5);
/*</DEPART>*/

/*<ARRIVE>*/
INSERT INTO ARRIVE (DateArrive,IdCli,IdReser,NoCham) 
VALUES (DATEADD(day, -3, CURRENT_TIMESTAMP),3,3,'001');
INSERT INTO ARRIVE (DateArrive,IdCli,IdReser,NoCham) 
VALUES (DATEADD(day, -2, CURRENT_TIMESTAMP),4,4,'002');
INSERT INTO ARRIVE (DateArrive,IdCli,IdReser,NoCham) 
VALUES (DATEADD(day, -3, CURRENT_TIMESTAMP),5,5,'003');
/*</ARRIVE>*/

/*<TRX>*/
INSERT INTO TRX (DateTrx,MontantTrx,Reportee,CodTypTrx,IdReser,NoCham,IdCli)
VALUES (DATEADD(day, -1, CURRENT_TIMESTAMP),234.56,1,'01',5,'015',5);
INSERT INTO TRX (DateTrx,MontantTrx,Reportee,CodTypTrx,IdReser,NoCham,IdCli)
VALUES (CURRENT_TIMESTAMP,52.99,0,'60',2,'014',2);
/*</TRX>*/
